start_lat,start_lng,end_lat,end_lng
40.61424021707084,-73.83099258686413,40.683814965063505,-73.68971005387407
40.74400121959389,-73.87050185217426,40.736898415350275,-73.91321870523458
40.79682313318598,-74.06684798020339,40.67033573807953,-74.16528950165085
40.71005298197152,-74.14562502121984,40.655914081575524,-73.98150290785927
41.00121426553308,-73.73635867145734,41.04981657403125,-73.67801038739401
